operation,implementation,window_size,iterations,repeats,median_elapsed_ns,median_nanoseconds_per_operation,median_operations_per_second,max_peak_rss_bytes
add,numpy,16,100000,3,115585667,1155.85667,865159.1723738549,33603584
add,optimized,16,100000,3,818384625,8183.84625,122191.9338966076,33226752
add,numpy,64,100000,3,117415500,1174.155,851676.3119008989,33603584
add,optimized,64,100000,3,1187269458,11872.69458,84226.87817511431,33259520
add,numpy,256,100000,3,124848916,1248.48916,800968.1077246998,33669120
add,optimized,256,100000,3,1576679959,15766.79959,63424.41243651274,33275904
add,numpy,1024,100000,3,147498916,1474.98916,677971.0842078323,33783808
add,optimized,1024,100000,3,2144423958,21444.23958,46632.569845593935,33538048
add,numpy,4096,100000,3,267773500,2677.735,373449.9493041694,34177024
add,optimized,4096,100000,3,2618891709,26188.91709,38184.09125369452,34258944
add,numpy,65536,100000,3,1515420334,15154.20334,65988.29232814029,40878080
add,optimized,65536,100000,3,3887048458,38870.48458,25726.460855971145,49758208
count,numpy,16,100000,3,4911667,49.11667,20359686.43639726,33603584
count,optimized,16,100000,3,3949292,39.49292,25320994.24403159,33226752
count,numpy,64,100000,3,4982125,49.82125,20071756.529593296,33603584
count,optimized,64,100000,3,3917042,39.17042,25529468.410091083,33259520
count,numpy,256,100000,3,4889708,48.89708,20451118.962522913,33669120
count,optimized,256,100000,3,3833167,38.33167,26088088.517927863,33275904
count,numpy,1024,100000,3,5515750,55.1575,18129900.738793455,33783808
count,optimized,1024,100000,3,4067084,40.67084,24587640.678186137,33538048
count,numpy,4096,100000,3,5348583,53.48583,18696540.747334387,34177024
count,optimized,4096,100000,3,3917291,39.17291,25527845.646391857,34258944
count,numpy,65536,100000,3,5386584,53.86584,18564641.338555194,40878080
count,optimized,65536,100000,3,4145125,41.45125,24124724.827357437,49758208
max,numpy,16,100000,3,90565708,905.65708,1104170.6867681087,33603584
max,optimized,16,100000,3,6770792,67.70792,14769320.93025454,33226752
max,numpy,64,100000,3,91438875,914.38875,1093626.7533912682,33603584
max,optimized,64,100000,3,6910250,69.1025,14471256.466842733,33259520
max,numpy,256,39062,3,35936084,919.9755260867339,1086985.4378123113,33669120
max,optimized,256,100000,3,6981375,69.81375,14323825.89389626,33275904
max,numpy,1024,9765,3,9589375,982.0148489503329,1018314.5408329531,33783808
max,optimized,1024,100000,3,6865375,68.65375,14565846.730877774,33538048
max,numpy,4096,2441,3,2717708,1113.3584596476853,898183.3221229065,34177024
max,optimized,4096,100000,3,6877625,68.77625,14539902.946147835,34258944
max,numpy,65536,152,3,935666,6155.6973684210525,162451.13106600003,40878080
max,optimized,65536,100000,3,6903375,69.03375,14485668.241983088,49758208
mean,numpy,16,100000,3,121119584,1211.19584,825630.3126008095,33603584
mean,optimized,16,100000,3,6616083,66.16083,15114683.416154241,33226752
mean,numpy,64,100000,3,125673834,1256.73834,795710.5852281072,33603584
mean,optimized,64,100000,3,6877209,68.77209,14540782.459861262,33259520
mean,numpy,256,39062,3,49897334,1277.3881009676925,782847.4362978992,33669120
mean,optimized,256,100000,3,6975541,69.75541,14335805.638587745,33275904
mean,numpy,1024,9765,3,13535083,1386.0812083973374,721458.4498669126,33783808
mean,optimized,1024,100000,3,6996208,69.96208,14293457.255701946,33538048
mean,numpy,4096,2441,3,4553959,1865.6120442441622,536017.1226838011,34177024
mean,optimized,4096,100000,3,6968083,69.68083,14351149.37637798,34258944
mean,numpy,65536,152,3,1477542,9720.671052631578,102873.55621701447,40878080
mean,optimized,65536,100000,3,6844083,68.44083,14611161.203042103,49758208
min,numpy,16,100000,3,89588917,895.88917,1116209.4972082316,33603584
min,optimized,16,100000,3,6692416,66.92416,14942286.91103482,33226752
min,numpy,64,100000,3,92204375,922.04375,1084547.2354213127,33603584
min,optimized,64,100000,3,6713791,67.13791,14894714.476515578,33259520
min,numpy,256,39062,3,36005875,921.7621985561415,1084878.5094099226,33669120
min,optimized,256,100000,3,6871958,68.71958,14551893.361397145,33275904
min,numpy,1024,9765,3,9519250,974.8335893497184,1025816.1094624051,33783808
min,optimized,1024,100000,3,6845083,68.45083,14609026.654607402,33538048
min,numpy,4096,2441,3,2771375,1135.344121261778,880790.2214604664,34177024
min,optimized,4096,100000,3,6912375,69.12375,14466807.718041917,34258944
min,numpy,65536,152,3,938334,6173.25,161989.22771635687,40878080
min,optimized,65536,100000,3,6914625,69.14625,14462100.258510042,49758208
percentile(50),numpy,16,100000,3,1749192416,17491.92416,57169.23940745007,33603584
percentile(50),optimized,16,100000,3,102548125,1025.48125,975151.9103835394,33226752
percentile(50),numpy,64,100000,3,1790728334,17907.28334,55843.1997200978,33603584
percentile(50),optimized,64,100000,3,113895750,1138.9575,877995.8865892712,33259520
percentile(50),numpy,256,39062,3,723435209,18520.17840868363,53995.16019409003,33669120
percentile(50),optimized,256,100000,3,148490292,1484.90292,673444.6989975615,33275904
percentile(50),numpy,1024,9765,3,199791625,20459.971838197645,48875.92260186082,33783808
percentile(50),optimized,1024,100000,3,186198292,1861.98292,537061.8544664201,33538048
percentile(50),numpy,4096,2441,3,69760458,28578.639082343303,34991.16935270121,34177024
percentile(50),optimized,4096,100000,3,207297959,2072.97959,482397.41714003077,34258944
percentile(50),numpy,65536,152,3,56461417,371456.6907894737,2692.103883967347,40878080
percentile(50),optimized,65536,100000,3,303860709,3038.60709,329098.159249013,49758208
percentile_of(0.5),numpy,16,100000,3,98653125,986.53125,1013652.633913016,33603584
percentile_of(0.5),optimized,16,100000,3,43301334,433.01334,2309397.6735220216,33226752
percentile_of(0.5),numpy,64,100000,3,101645833,1016.45833,983808.1606355668,33603584
percentile_of(0.5),optimized,64,100000,3,56316917,563.16917,1775665.383103269,33259520
percentile_of(0.5),numpy,256,39062,3,42552750,1089.3643438636016,917966.5239026855,33669120
percentile_of(0.5),optimized,256,100000,3,75432000,754.32,1325697.3167886308,33275904
percentile_of(0.5),numpy,1024,9765,3,15051041,1541.3252432155657,648792.3327031,33783808
percentile_of(0.5),optimized,1024,100000,3,99039333,990.39333,1009699.8532896017,33538048
percentile_of(0.5),numpy,4096,2441,3,6689542,2740.4924211388775,364897.92574738304,34177024
percentile_of(0.5),optimized,4096,100000,3,79381083,793.81083,1259745.9775145673,34258944
percentile_of(0.5),numpy,65536,152,3,4033041,26533.16447368421,37688.682063980996,40878080
percentile_of(0.5),optimized,65536,100000,3,118192583,1181.92583,846076.7796233034,49758208
remove(value)+add,numpy,16,100000,3,318725875,3187.25875,313749.2367069351,33603584
remove(value)+add,optimized,16,100000,3,890593500,8905.935,112284.67308598143,33226752
remove(value)+add,numpy,64,100000,3,323541750,3235.4175,309079.1219371225,33603584
remove(value)+add,optimized,64,100000,3,1402762750,14027.6275,71287.89241088701,33259520
remove(value)+add,numpy,256,39062,3,135559625,3470.3708207465056,288153.6445678424,33669120
remove(value)+add,optimized,256,39062,3,940970459,24089.152091546774,41512.46155114419,33275904
remove(value)+add,numpy,1024,9765,3,39795333,4075.3029185867895,245380.53243580094,33783808
remove(value)+add,optimized,1024,9765,3,592376459,60663.2318484383,16484.44979816458,33538048
remove(value)+add,numpy,4096,2441,3,15033834,6158.883244571897,162367.09810684354,34177024
remove(value)+add,optimized,4096,2441,3,472861708,193716.39000409667,5162.185811839939,34258944
remove(value)+add,numpy,65536,152,3,6289209,41376.375,24168.381111201743,40878080
remove(value)+add,optimized,65536,152,3,455815167,2998783.9934210526,333.4684999632757,49758208
remove_oldest+add,numpy,16,100000,3,121513958,1215.13958,822950.7263684061,33603584
remove_oldest+add,optimized,16,100000,3,828538083,8285.38083,120694.51248144981,33226752
remove_oldest+add,numpy,64,100000,3,124289625,1242.89625,804572.3848631774,33603584
remove_oldest+add,optimized,64,100000,3,1193916792,11939.16792,83757.9307620627,33259520
remove_oldest+add,numpy,256,100000,3,130185208,1301.85208,768136.4229951532,33669120
remove_oldest+add,optimized,256,100000,3,1577567375,15775.67375,63388.7348234493,33275904
remove_oldest+add,numpy,1024,100000,3,152424292,1524.24292,656063.4049066143,33783808
remove_oldest+add,optimized,1024,100000,3,2156036292,21560.36292,46381.40849996416,33538048
remove_oldest+add,numpy,4096,100000,3,230866083,2308.66083,433151.5426629385,34177024
remove_oldest+add,optimized,4096,100000,3,2655671750,26556.7175,37655.25615129204,34258944
remove_oldest+add,numpy,65536,100000,3,1479937792,14799.37792,67570.40771616432,40878080
remove_oldest+add,optimized,65536,100000,3,4026802958,40268.02958,24833.59653874576,49758208
std,numpy,16,100000,3,489965833,4899.65833,204095.86396609005,33603584
std,optimized,16,100000,3,10442417,104.42417,9576327.013180953,33226752
std,numpy,64,100000,3,493561833,4935.61833,202608.8593442759,33603584
std,optimized,64,100000,3,10629709,106.29709,9407595.25966327,33259520
std,numpy,256,39062,3,199158667,5098.527136347345,196135.07455339615,33669120
std,optimized,256,100000,3,10718042,107.18042,9330062.337878503,33275904
std,numpy,1024,9765,3,55554541,5689.149103942652,175773.20997036048,33783808
std,optimized,1024,100000,3,10875625,108.75625,9194873.857824262,33538048
std,numpy,4096,2441,3,18230125,7468.3019254403935,133899.24643961576,34177024
std,optimized,4096,100000,3,10723625,107.23625,9325204.863094335,34258944
std,numpy,65536,152,3,6144708,40425.71052631579,24736.732811388272,40878080
std,optimized,65536,100000,3,11060833,110.60833,9040910.390745435,49758208
sum,numpy,16,100000,3,86347708,863.47708,1158108.3310283117,33603584
sum,optimized,16,100000,3,5885417,58.85417,16991149.480147284,33226752
sum,numpy,64,100000,3,89007959,890.07959,1123495.0348653654,33603584
sum,optimized,64,100000,3,5864208,58.64208,17052601.135566816,33259520
sum,numpy,256,39062,3,36040041,922.6368593517997,1083850.0433448453,33669120
sum,optimized,256,100000,3,5953042,59.53042,16798134.4663787,33275904
sum,numpy,1024,9765,3,10125000,1036.8663594470047,964444.4444444444,33783808
sum,optimized,1024,100000,3,6041333,60.41333,16552638.30018971,33538048
sum,numpy,4096,2441,3,3551208,1454.816878328554,687371.7337874887,34177024
sum,optimized,4096,100000,3,5703250,57.0325,17533862.271511856,34258944
sum,numpy,65536,152,3,1393667,9168.861842105263,109064.79094360418,40878080
sum,optimized,65536,100000,3,5760042,57.60042,17360984.52059898,49758208
variance,numpy,16,100000,3,433884292,4338.84292,230476.19340872567,33603584
variance,optimized,16,100000,3,8237709,82.37709,12139297.467293395,33226752
variance,numpy,64,100000,3,439546292,4395.46292,227507.3224824292,33603584
variance,optimized,64,100000,3,8409083,84.09083,11891903.07670884,33259520
variance,numpy,256,39062,3,180496625,4620.772745891148,216414.0188216816,33669120
variance,optimized,256,100000,3,8452625,84.52625,11830644.32646663,33275904
variance,numpy,1024,9765,3,49995041,5119.8198668714795,195319.37177529268,33783808
variance,optimized,1024,100000,3,8538708,85.38708,11711373.664493503,33538048
variance,numpy,4096,2441,3,17019667,6972.4158131913155,143422.31255170857,34177024
variance,optimized,4096,100000,3,8439875,84.39875,11848516.71381389,34258944
variance,numpy,65536,152,3,6113500,40220.39473684211,24863.008096834874,40878080
variance,optimized,65536,100000,3,8940916,89.40916,11184536.349519445,49758208
